id,name,symbol,slug,num_market_pairs,date_added,tags,max_supply,circulating_supply,total_supply,infinite_supply,platform,cmc_rank,self_reported_circulating_supply,self_reported_market_cap,tvl_ratio,last_updated,quote.USD.price,quote.USD.volume_24h,quote.USD.volume_change_24h,quote.USD.percent_change_1h,quote.USD.percent_change_24h,quote.USD.percent_change_7d,quote.USD.percent_change_30d,quote.USD.percent_change_60d,quote.USD.percent_change_90d,quote.USD.market_cap,quote.USD.market_cap_dominance,quote.USD.fully_diluted_market_cap,quote.USD.tvl,quote.USD.last_updated,platform.id,platform.name,platform.symbol,platform.slug,platform.token_address,timestamp
1,Bitcoin,BTC,bitcoin,11996,2010-07-13T00:00:00.000Z,"['mineable', 'pow', 'sha-256', 'store-of-value', 'state-channel', 'coinbase-ventures-portfolio', 'three-arrows-capital-portfolio', 'polychain-capital-portfolio', 'binance-labs-portfolio', 'blockchain-capital-portfolio', 'boostvc-portfolio', 'cms-holdings-portfolio', 'dcg-portfolio', 'dragonfly-capital-portfolio', 'electric-capital-portfolio', 'fabric-ventures-portfolio', 'framework-ventures-portfolio', 'galaxy-digital-portfolio', 'huobi-capital-portfolio', 'alameda-research-portfolio', 'a16z-portfolio', '1confirmation-portfolio', 'winklevoss-capital-portfolio', 'usv-portfolio', 'placeholder-ventures-portfolio', 'pantera-capital-portfolio', 'multicoin-capital-portfolio', 'paradigm-portfolio', 'bitcoin-ecosystem', 'ftx-bankruptcy-estate', '2017-2018-alt-season', 'us-strategic-crypto-reserve']",21000000.0,19841665.0,19841665.0,False,,1,,,,2025-03-25T08:35:00.000Z,86688.68819278051,32694959040.676094,60.1419,0.26829605,-0.65355238,3.93250941,-10.04101704,-17.85312682,-11.67994725,1720047910410.6062,60.4725,1820462452048.39,,2025-03-25T08:35:00.000Z,,,,,,2025-03-25 14:06:02.396471
1027,Ethereum,ETH,ethereum,10076,2015-08-07T00:00:00.000Z,"['pos', 'smart-contracts', 'ethereum-ecosystem', 'coinbase-ventures-portfolio', 'three-arrows-capital-portfolio', 'polychain-capital-portfolio', 'binance-labs-portfolio', 'avalanche-ecosystem', 'blockchain-capital-portfolio', 'boostvc-portfolio', 'cms-holdings-portfolio', 'dcg-portfolio', 'dragonfly-capital-portfolio', 'electric-capital-portfolio', 'fabric-ventures-portfolio', 'framework-ventures-portfolio', 'hashkey-capital-portfolio', 'kenetic-capital-portfolio', 'huobi-capital-portfolio', 'alameda-research-portfolio', 'a16z-portfolio', '1confirmation-portfolio', 'winklevoss-capital-portfolio', 'usv-portfolio', 'placeholder-ventures-portfolio', 'pantera-capital-portfolio', 'multicoin-capital-portfolio', 'paradigm-portfolio', 'tezos-ecosystem', 'near-protocol-ecosystem', 'velas-ecosystem', 'ethereum-pow-ecosystem', 'osmosis-ecosystem', 'layer-1', 'ftx-bankruptcy-estate', 'zksync-era-ecosystem', 'viction-ecosystem', 'klaytn-ecosystem', 'sora-ecosystem', 'rsk-rbtc-ecosystem', 'starknet-ecosystem', 'world-liberty-financial-portfolio', 'us-strategic-crypto-reserve']",,120641812.26109944,120641812.26109944,True,,2,,,,2025-03-25T08:35:00.000Z,2061.6819537804286,12747544714.143698,17.8444,0.32154319,-0.96089469,7.91302866,-26.70090439,-39.62013921,-41.06539984,248725047210.07516,8.7481,248725047210.08,,2025-03-25T08:35:00.000Z,,,,,,2025-03-25 14:06:02.396471
825,Tether USDt,USDT,tether,121049,2015-02-25T00:00:00.000Z,"['stablecoin', 'asset-backed-stablecoin', 'waves-ecosystem', 'bitcoin-cash-ecosystem', 'avalanche-ecosystem', 'fantom-ecosystem', 'terra-ecosystem', 'tezos-ecosystem', 'near-protocol-ecosystem', 'arbitrum-ecosystem', 'celo-ecosystem', 'iotex-ecosystem', 'zilliqa-ecosystem', 'harmony-ecosystem', 'moonriver-ecosystem', 'cronos-ecosystem', 'injective-ecosystem', 'oasis-ecosystem', 'moonbeam-ecosystem', 'usd-stablecoin', 'xdc-ecosystem', 'everscale-ecosystem', 'velas-ecosystem', 'doge-chain-ecosystem', 'ethereum-pow-ecosystem', 'aptos-ecosystem', 'sui-ecosystem', 'optimism-ecosystem', 'canto-ecosystem', 'osmosis-ecosystem', 'zksync-era-ecosystem', 'pulsechain-ecosystem', 'sei-ecosystem', 'toncoin-ecosystem', 'fiat-stablecoin', 'viction-ecosystem', 'gnosis-chain-ecosystem', 'klaytn-ecosystem', 'okexchain-ecosystem', 'conflux-ecosystem', 'kcc-ecosystem', 'tron20-ecosystem', 'kardiachain-ecosystem', 'rsk-rbtc-ecosystem', 'telos-ecosystem', 'boba-network-ecosystem', 'fusion-network-ecosystem', 'hoo-smart-chain-ecosystem', 'secret-ecosystem', 'aurora-ecosystem', 'metis-andromeda-ecosystem', 'meter-ecosystem', 'fuse-ecosystem', 'syscoin-ecosystem', 'milkomeda-ecosystem', 'bitgert-ecosystem', 'astar-ecosystem', 'cube-network-ecosystem', 'thundercore-ecosystem', 'redlight-chain-ecosystem', 'core-ecosystem', 'polygon-zkevm-ecosystem', 'eos-evm-ecosystem', 'starknet-ecosystem', 'mantle-ecosystem', 'neon-evm-ecosystem', 'manta-pacific-ecosystem', 'scroll-ecosystem', 'x-layer-ecosystem', 'world-liberty-financial-portfolio']",,143778115476.15387,145879139792.73602,True,,3,,,,2025-03-25T08:35:00.000Z,1.0000395120467005,61220897924.44376,17.138,-0.03456252,-0.0023198,-0.01891218,-0.01554044,0.00973856,0.08639356,143783796443.76706,5.0551,145884903776.12,,2025-03-25T08:35:00.000Z,1027.0,Ethereum,ETH,ethereum,0xdac17f958d2ee523a2206206994597c13d831ec7,2025-03-25 14:06:02.396471
52,XRP,XRP,xrp,1560,2013-08-04T00:00:00.000Z,"['medium-of-exchange', 'enterprise-solutions', 'xrp-ecosystem', 'arrington-xrp-capital-portfolio', 'galaxy-digital-portfolio', 'a16z-portfolio', 'pantera-capital-portfolio', 'ftx-bankruptcy-estate', '2017-2018-alt-season', 'klaytn-ecosystem', 'made-in-america', 'us-strategic-crypto-reserve']",100000000000.0,58158111605.0,99986323420.0,False,,4,,,,2025-03-25T08:35:00.000Z,2.4300518131629913,2890528787.925971,2.0176,0.31407022,-0.85929257,5.77221075,-5.95584611,-23.43216877,6.00798086,141327224555.86584,4.9707,243005181316.3,,2025-03-25T08:35:00.000Z,,,,,,2025-03-25 14:06:02.396471
1839,BNB,BNB,bnb,2408,2017-07-25T00:00:00.000Z,"['marketplace', 'centralized-exchange', 'payments', 'smart-contracts', 'alameda-research-portfolio', 'multicoin-capital-portfolio', 'bnb-chain-ecosystem', 'layer-1', 'alleged-sec-securities', 'celsius-bankruptcy-estate']",,142472762.45,142472762.45,False,,5,,,,2025-03-25T08:35:00.000Z,640.4627517350029,1867737177.060458,39.5479,-0.3020884,2.56696893,0.70191671,-3.79631637,-6.98112203,-9.00822569,91248497486.01439,3.2094,91248497486.01,,2025-03-25T08:35:00.000Z,,,,,,2025-03-25 14:06:02.396471
5426,Solana,SOL,solana,856,2020-04-10T00:00:00.000Z,"['pos', 'platform', 'solana-ecosystem', 'cms-holdings-portfolio', 'kenetic-capital-portfolio', 'alameda-research-portfolio', 'multicoin-capital-portfolio', 'okx-ventures-portfolio', 'layer-1', 'ftx-bankruptcy-estate', 'alleged-sec-securities', 'cmc-crypto-awards-2024', 'made-in-america', 'us-strategic-crypto-reserve']",,511339800.97817427,596938296.619188,True,,6,,,,2025-03-25T08:35:00.000Z,140.30323803956762,3432505145.495307,17.6624,0.43474041,0.32919098,11.68524563,-18.50698377,-46.81255876,-29.31796382,71742629815.74591,2.5223,83752375925.5,,2025-03-25T08:35:00.000Z,,,,,,2025-03-25 14:06:02.396471
3408,USDC,USDC,usd-coin,26464,2018-10-08T00:00:00.000Z,"['medium-of-exchange', 'stablecoin', 'asset-backed-stablecoin', 'waves-ecosystem', 'bitcoin-cash-ecosystem', 'wanchain-ecosystem', 'coinbase-ventures-portfolio', 'avalanche-ecosystem', 'hedera-hashgraph-ecosystem', 'terra-ecosystem', 'near-protocol-ecosystem', 'arbitrum-ecosystem', 'celo-ecosystem', 'iotex-ecosystem', 'harmony-ecosystem', 'moonriver-ecosystem', 'cronos-ecosystem', 'injective-ecosystem', 'oasis-ecosystem', 'moonbeam-ecosystem', 'usd-stablecoin', 'everscale-ecosystem', 'velas-ecosystem', 'doge-chain-ecosystem', 'ethereum-pow-ecosystem', 'aptos-ecosystem', 'sui-ecosystem', 'optimism-ecosystem', 'canto-ecosystem', 'osmosis-ecosystem', 'zksync-era-ecosystem', 'pulsechain-ecosystem', 'base-ecosystem', 'sei-ecosystem', 'multiversx-ecosystem', 'fiat-stablecoin', 'viction-ecosystem', 'gnosis-chain-ecosystem', 'okexchain-ecosystem', 'conflux-ecosystem', 'kcc-ecosystem', 'tron20-ecosystem', 'kardiachain-ecosystem', 'telos-ecosystem', 'ronin-ecosystem', 'boba-network-ecosystem', 'kava-ecosystem', 'secret-ecosystem', 'aurora-ecosystem', 'metis-andromeda-ecosystem', 'meter-ecosystem', 'fuse-ecosystem', 'elastos-ecosystem', 'syscoin-ecosystem', 'milkomeda-ecosystem', 'evmos-ecosystem', 'bitgert-ecosystem', 'astar-ecosystem', 'thundercore-ecosystem', 'tomb-chain-ecosystem', 'wemix-ecosystem', 'sx-network-ecosystem', 'godwoken-ecosystem', 'energi-ecosystem', 'core-ecosystem', 'polygon-zkevm-ecosystem', 'starknet-ecosystem', 'mantle-ecosystem', 'neon-evm-ecosystem', 'scroll-ecosystem', 'shido-network-ecosystem', 'made-in-america', 'world-liberty-financial-portfolio']",,59833070859.461174,59833070859.461174,False,,7,,,,2025-03-25T08:35:00.000Z,0.9999410554695568,9802374642.697342,44.0084,-0.01136513,-0.01348681,-0.02852814,-0.00697466,-0.00234718,-0.00031807,59829544027.19439,2.1043,59829544027.19,,2025-03-25T08:35:00.000Z,1027.0,Ethereum,ETH,ethereum,0xa0b86991c6218b36c1d19d4a2e9eb0ce3606eb48,2025-03-25 14:06:02.396471
74,Dogecoin,DOGE,dogecoin,1182,2013-12-15T00:00:00.000Z,"['mineable', 'pow', 'scrypt', 'medium-of-exchange', 'memes', 'payments', 'doggone-doggerel', 'ftx-bankruptcy-estate', 'made-in-america']",,148572446383.70526,148572446383.70523,True,,8,,,,2025-03-25T08:35:00.000Z,0.18405694659900754,1582473056.0542805,117.7267,0.26867501,4.70168526,8.86821212,-25.32791931,-48.95059746,-44.67293241,27345790830.12955,0.9617,27345790830.13,,2025-03-25T08:35:00.000Z,,,,,,2025-03-25 14:06:02.396471
2010,Cardano,ADA,cardano,1484,2017-10-01T00:00:00.000Z,"['dpos', 'pos', 'platform', 'research', 'smart-contracts', 'staking', 'cardano-ecosystem', 'cardano', 'layer-1', 'alleged-sec-securities', '2017-2018-alt-season', 'made-in-america', 'us-strategic-crypto-reserve']",45000000000.0,35238941062.750435,44994940568.06273,False,,9,,,,2025-03-25T08:35:00.000Z,0.7443294777300762,904840504.3385103,23.8887,0.84672446,2.3555509,4.80485332,-4.91070538,-25.62531407,-19.1651975,26229382596.997967,0.9225,33494826497.85,,2025-03-25T08:35:00.000Z,,,,,,2025-03-25 14:06:02.396471
1958,TRON,TRX,tron,1137,2017-09-13T00:00:00.000Z,"['media', 'payments', 'tron-ecosystem', 'layer-1', 'dwf-labs-portfolio', 'alleged-sec-securities', '2017-2018-alt-season', 'tron20-ecosystem', 'world-liberty-financial-portfolio']",,95006893420.10463,95006908502.7422,True,,10,,,,2025-03-25T08:35:00.000Z,0.22728703416644075,446757419.03501564,-30.9533,0.073277,-0.44281731,1.91952164,-6.18659416,-12.15596049,-11.41065884,21593835030.822716,0.7595,21593838458.91,,2025-03-25T08:35:00.000Z,,,,,,2025-03-25 14:06:02.396471
1975,Chainlink,LINK,chainlink,1964,2017-09-20T00:00:00.000Z,"['platform', 'defi', 'oracles', 'smart-contracts', 'ethereum-ecosystem', 'substrate', 'polkadot', 'heco-ecosystem', 'avalanche-ecosystem', 'solana-ecosystem', 'framework-ventures-portfolio', 'polygon-ecosystem', 'fantom-ecosystem', 'cardano-ecosystem', 'terra-ecosystem', 'web3', 'near-protocol-ecosystem', 'arbitrum-ecosystem', 'cardano', 'injective-ecosystem', 'bnb-chain-ecosystem', 'optimism-ecosystem', 'real-world-assets', 'celsius-bankruptcy-estate', 'gnosis-chain-ecosystem', 'sora-ecosystem', 'hoo-smart-chain-ecosystem', 'milkomeda-ecosystem', 'energi-ecosystem', 'made-in-america', 'world-liberty-financial-portfolio']",,657099970.4527867,1000000000.0,False,,11,,,,2025-03-25T08:35:00.000Z,15.283292220978138,345364371.1711774,6.8133,0.53598363,0.95946469,7.60038349,-15.28908639,-41.97850463,-38.72711703,10042650866.826038,0.3532,15283292220.98,,2025-03-25T08:35:00.000Z,1027.0,Ethereum,ETH,ethereum,0x514910771af9ca656af840dff83e8264ecf986ca,2025-03-25 14:06:02.396471
11419,Toncoin,TON,toncoin,701,2021-08-26T13:40:22.000Z,"['pos', 'layer-1', 'ftx-bankruptcy-estate', 'dwf-labs-portfolio', 'toncoin-ecosystem', 'cmc-crypto-yearbook-2024-2025']",,2482136371.00675,5125521860.739923,True,,12,,,,2025-03-25T08:35:00.000Z,3.690513855090089,126509967.89342643,7.7039,0.6334175,0.28401617,4.9276938,-2.33438223,-28.18202402,-37.56999977,9160358667.423445,0.3222,18915809441.63,,2025-03-25T08:35:00.000Z,,,,,,2025-03-25 14:06:02.396471
5805,Avalanche,AVAX,avalanche,889,2020-07-13T00:00:00.000Z,"['defi', 'smart-contracts', 'three-arrows-capital-portfolio', 'polychain-capital-portfolio', 'avalanche-ecosystem', 'cms-holdings-portfolio', 'dragonfly-capital-portfolio', 'moonbeam-ecosystem', 'real-world-assets', 'layer-1', 'zksync-era-ecosystem', 'klaytn-ecosystem', 'made-in-america']",715748719.0,414779685.19164324,451449185.19164324,False,,13,,,,2025-03-25T08:35:00.000Z,21.945567865675933,340818551.8843946,-8.8601,0.29629978,0.82677929,15.10253002,-14.61277655,-39.08211189,-46.65264944,9102575730.676905,0.3201,15707512087.59,,2025-03-25T08:35:00.000Z,,,,,,2025-03-25 14:06:02.396471
3957,UNUS SED LEO,LEO,unus-sed-leo,57,2019-05-21T00:00:00.000Z,"['marketplace', 'centralized-exchange', 'discount-token', 'payments', 'ethereum-ecosystem', 'kenetic-capital-portfolio', 'alameda-research-portfolio']",,923871229.9,985239504.0,False,,14,,,,2025-03-25T08:35:00.000Z,9.769796077015355,3060132.02458049,60.4633,0.07631543,0.13744779,-0.51057189,0.28484179,0.46096187,2.92551049,9026033517.54437,0.3175,9625589041.1,,2025-03-25T08:35:00.000Z,1027.0,Ethereum,ETH,ethereum,0x2af5d2ad76741191d15dfe7bf6ac92d4bd912ca3,2025-03-25 14:06:02.396471
512,Stellar,XLM,stellar,693,2014-08-05T00:00:00.000Z,"['medium-of-exchange', 'enterprise-solutions', 'decentralized-exchange-dex-token', 'smart-contracts', 'hashkey-capital-portfolio', '2017-2018-alt-season', 'made-in-america']",50001806812.0,30779759929.456585,50001786892.81798,False,,15,,,,2025-03-25T08:35:00.000Z,0.29108464023507397,169752241.88278285,-4.4874,0.37995484,0.82608099,7.31624597,-12.88278397,-33.45453676,-24.75280225,8959515345.587816,0.3151,14554757946.97,,2025-03-25T08:35:00.000Z,,,,,,2025-03-25 14:06:02.396471
4642,Hedera,HBAR,hedera,332,2019-09-17T00:00:00.000Z,"['dag', 'marketplace', 'enterprise-solutions', 'defi', 'payments', 'dcg-portfolio', 'hedera-hashgraph-ecosystem', 'real-world-assets', 'layer-1', 'made-in-america']",50000000000.0,42219399509.348915,50000000000.0,False,,16,,,,2025-03-25T08:35:00.000Z,0.19581213414185578,198683367.68103948,2.6142,0.81384048,2.50295186,3.93076936,-9.07720835,-41.22489132,-37.16238034,8267070720.11323,0.2908,9790606707.09,,2025-03-25T08:35:00.000Z,,,,,,2025-03-25 14:06:02.396471
5994,Shiba Inu,SHIB,shiba-inu,940,2020-08-01T00:00:00.000Z,"['memes', 'ethereum-ecosystem', 'doggone-doggerel', 'base-ecosystem']",589552695333683.0,589251861998828.6,589505790607312.1,False,,17,589552695333683.0,7906860474.971902,,2025-03-25T08:35:00.000Z,1.3411626369542201e-05,217744084.02980945,55.2753,0.00711732,2.02790407,5.51595508,-14.77503972,-34.08343028,-42.01333648,7902825810.685332,0.278,7906860474.97,,2025-03-25T08:35:00.000Z,1027.0,Ethereum,ETH,ethereum,0x95ad61b0a150d79219dcf64e1e6cc01f0b64c4ce,2025-03-25 14:06:02.396471
20947,Sui,SUI,sui,579,2022-07-12T08:03:11.000Z,"['binance-launchpool', 'coinbase-ventures-portfolio', 'binance-labs-portfolio', 'electric-capital-portfolio', 'a16z-portfolio', 'sui-ecosystem', 'layer-1', 'move-vm', 'cmc-crypto-yearbook-2024-2025', 'made-in-america', 'world-liberty-financial-portfolio']",10000000000.0,3169845047.4838877,10000000000.0,False,,18,3169845047.4838877,7484943658.020954,,2025-03-25T08:35:00.000Z,2.3612963870149555,663125457.6762947,7.0238,0.20382878,-0.81571938,2.31366665,-30.7887665,-46.47946758,-48.107994,7484943658.020954,0.2632,23612963870.15,,2025-03-25T08:35:00.000Z,,,,,,2025-03-25 14:06:02.396471
6636,Polkadot,DOT,polkadot-new,876,2020-08-19T00:00:00.000Z,"['substrate', 'polkadot', 'polkadot-ecosystem', 'three-arrows-capital-portfolio', 'polychain-capital-portfolio', 'arrington-xrp-capital-portfolio', 'blockchain-capital-portfolio', 'boostvc-portfolio', 'cms-holdings-portfolio', 'coinfund-portfolio', 'fabric-ventures-portfolio', 'fenbushi-capital-portfolio', 'hashkey-capital-portfolio', 'kenetic-capital-portfolio', '1confirmation-portfolio', 'placeholder-ventures-portfolio', 'pantera-capital-portfolio', 'exnetwork-capital-portfolio', 'web3', 'spartan-group', 'osmosis-ecosystem', 'layer-1']",,1561034871.4612248,1561034871.4612248,True,,19,,,,2025-03-25T08:35:00.000Z,4.634465163820375,167192089.81998467,-4.2346,0.30175134,-2.49267871,7.10342686,-8.95477869,-28.30859742,-37.76533668,7234561731.295862,0.2545,7234561731.3,,2025-03-25T08:35:00.000Z,,,,,,2025-03-25 14:06:02.396471
2,Litecoin,LTC,litecoin,1332,2013-04-28T00:00:00.000Z,"['mineable', 'pow', 'scrypt', 'medium-of-exchange', 'layer-1', '2017-2018-alt-season', 'hoo-smart-chain-ecosystem', 'made-in-america']",84000000.0,75558468.3040892,84000000.0,False,,20,,,,2025-03-25T08:35:00.000Z,92.85912858837723,449677657.83930445,1.8303,0.47012354,-0.71044798,3.34212719,-27.237451,-21.15826557,-14.36603766,7016293524.190245,0.2468,7800166801.42,,2025-03-25T08:35:00.000Z,,,,,,2025-03-25 14:06:02.396471
6536,MANTRA,OM,mantra,276,2020-08-11T00:00:00.000Z,"['cosmos-ecosystem', 'defi', 'dao', 'ethereum-ecosystem', 'kenetic-capital-portfolio', 'exnetwork-capital-portfolio', 'polygon-ecosystem', 'osmosis-ecosystem', 'real-world-assets', 'base-ecosystem']",,985108310.2100002,1813309115.71,True,,21,883352976.15,5979567370.127329,,2025-03-25T08:35:00.000Z,6.76917102400972,107404464.48807144,0.5656,0.22463102,5.4536323,-3.79531014,-21.76213686,86.78445175,80.70609017,6668366628.984712,0.2344,12274599523.64,,2025-03-25T08:35:00.000Z,1027.0,Ethereum,ETH,ethereum,0x3593d125a4f7849a1b059e64f4517a86dd60c95d,2025-03-25 14:06:02.396471
1831,Bitcoin Cash,BCH,bitcoin-cash,991,2017-07-23T00:00:00.000Z,"['mineable', 'pow', 'sha-256', 'marketplace', 'medium-of-exchange', 'store-of-value', 'enterprise-solutions', 'payments', 'bitcoin-ecosystem', 'layer-1', '2017-2018-alt-season', 'made-in-america']",21000000.0,19846818.75,19846818.75,False,,22,,,,2025-03-25T08:35:00.000Z,329.05224974738167,202489574.54005972,-13.0253,0.10939987,-0.57622279,-2.57238526,-0.72411051,-25.00027889,-29.1404701,6530640360.016017,0.2297,6910097244.7,,2025-03-25T08:35:00.000Z,,,,,,2025-03-25 14:06:02.396471
35697,Pi,PI,pi,39,2025-02-11T07:16:10.000Z,"['layer-1', 'mobile-mining']",100000000000.0,6763876079.296083,100000000000.0,False,,23,6763876079.296083,6268433012.166213,,2025-03-25T08:35:00.000Z,0.9267516049493575,184100474.77005386,-37.4253,0.43531576,-2.27716807,-21.39813677,-41.81344078,-45.47184913,-45.47184913,6268433012.166213,0.2205,92675160494.94,,2025-03-25T08:35:00.000Z,,,,,,2025-03-25 14:06:02.396471
11092,Bitget Token,BGB,bitget-token-new,31,2021-07-29T00:00:00.000Z,"['centralized-exchange', 'ethereum-ecosystem']",,1200000000.0,1200000000.0,False,,24,1200000000.0,5916595601.304025,,2025-03-25T08:35:00.000Z,4.93049633442002,111031971.64490639,26.7483,0.45454697,-0.41839539,10.23912321,-3.05881472,-31.42001152,-6.72795668,5916595601.304025,0.2081,5916595601.3,,2025-03-25T08:35:00.000Z,1027.0,Ethereum,ETH,ethereum,0x54D2252757e1672EEaD234D27B1270728fF90581,2025-03-25 14:06:02.396471
32196,Hyperliquid,HYPE,hyperliquid,67,2024-07-15T10:14:50.000Z,"['decentralized-exchange-dex-token', 'derivatives', 'layer-1', 'hyperliquid-ecosystem']",1000000000.0,333928180.0,999993930.0,False,,25,333931719.0,5438056684.278622,,2025-03-25T08:35:00.000Z,16.284936035916438,129840078.69254056,39.9364,1.97065302,-2.54069324,21.4858422,-32.89102558,-30.84314378,-42.66207299,5437999051.889991,0.1913,16284936035.92,,2025-03-25T08:35:00.000Z,32196.0,Hyperliquid,HYPE,hyperliquid,0x0d01dc56dcaaca66ad901c959b4011ec,2025-03-25 14:06:02.396471
29470,Ethena USDe,USDe,ethena-usde,125,2024-02-20T11:05:01.000Z,"['stablecoin', 'asset-backed-stablecoin', 'binance-labs-portfolio', 'dragonfly-capital-portfolio', 'arbitrum-ecosystem', 'usd-stablecoin', 'optimism-ecosystem', 'linea-ecosystem', 'eigenlayer-ecosystem', 'kava-ecosystem', 'metis-andromeda-ecosystem', 'mantle-ecosystem', 'manta-pacific-ecosystem', 'scroll-ecosystem']",,5379115150.376176,5379115150.376176,True,,26,,,,2025-03-25T08:35:00.000Z,0.9994512240632191,79378991.22270854,6.3121,-0.01172012,-0.02773645,-0.02824743,-0.03795588,-0.01750867,0.02221245,5376163221.420476,0.1891,5376163221.42,,2025-03-25T08:35:00.000Z,1027.0,Ethereum,ETH,ethereum,0x4c9edd5852cd905f086c759e8383e09bff1e68b3,2025-03-25 14:06:02.396471
4943,Dai,DAI,multi-collateral-dai,3484,2019-11-22T00:00:00.000Z,"['defi', 'stablecoin', 'asset-backed-stablecoin', 'avalanche-ecosystem', 'fantom-ecosystem', 'terra-ecosystem', 'near-protocol-ecosystem', 'arbitrum-ecosystem', 'harmony-ecosystem', 'moonriver-ecosystem', 'cronos-ecosystem', 'moonbeam-ecosystem', 'usd-stablecoin', 'everscale-ecosystem', 'optimism-ecosystem', 'osmosis-ecosystem', 'pulsechain-ecosystem', 'toncoin-ecosystem', 'gnosis-chain-ecosystem', 'klaytn-ecosystem', 'sora-ecosystem', 'boba-network-ecosystem', 'aurora-ecosystem', 'metis-andromeda-ecosystem', 'bitgert-ecosystem', 'energi-ecosystem', 'starknet-ecosystem']",,5365382702.664872,5365382702.664872,True,,27,,,,2025-03-25T08:35:00.000Z,1.0001320408243402,111554254.45799313,-25.2349,0.00644194,0.00170577,-0.00371381,-0.0042867,-0.00955601,0.02518503,5366091152.219832,0.1887,5366091152.22,,2025-03-25T08:35:00.000Z,1027.0,Ethereum,ETH,ethereum,0x6b175474e89094c44da98b954eedeac495271d0f,2025-03-25 14:06:02.396471
7083,Uniswap,UNI,uniswap,1193,2020-09-17T00:00:00.000Z,"['decentralized-exchange-dex-token', 'defi', 'dao', 'yield-farming', 'amm', 'coinbase-ventures-portfolio', 'three-arrows-capital-portfolio', 'governance', 'avalanche-ecosystem', 'blockchain-capital-portfolio', 'defiance-capital-portfolio', 'alameda-research-portfolio', 'a16z-portfolio', 'pantera-capital-portfolio', 'parafi-capital', 'paradigm-portfolio', 'terra-ecosystem', 'near-protocol-ecosystem', 'arbitrum-ecosystem', 'injective-ecosystem', 'optimism-ecosystem', 'layer-1', 'cmc-crypto-awards-2024', 'gnosis-chain-ecosystem', 'sora-ecosystem', 'hoo-smart-chain-ecosystem', 'made-in-america']",,628494054.71,1000000000.0,False,,28,,,,2025-03-25T08:35:00.000Z,7.046843322108668,103733708.74692126,-2.1838,0.26120397,1.42394979,11.81105393,-23.0274906,-45.78410549,-50.14840998,4428899132.418163,0.1558,7046843322.11,,2025-03-25T08:35:00.000Z,1027.0,Ethereum,ETH,ethereum,0x1f9840a85d5af5bf1d1762f925bdaddc4201f984,2025-03-25 14:06:02.396471
328,Monero,XMR,monero,310,2014-05-21T00:00:00.000Z,"['mineable', 'pow', 'medium-of-exchange', 'privacy', 'ringct', 'boostvc-portfolio', 'electric-capital-portfolio', 'galaxy-digital-portfolio', '2017-2018-alt-season']",,18446744.07370955,18446744.07370955,True,,29,,,,2025-03-25T08:35:00.000Z,223.2716369337292,70596195.7136701,17.5792,0.6356737,2.19946894,6.06992874,-5.55926716,3.67539203,12.52168997,4118634745.4347,0.1449,4118634745.43,,2025-03-25T08:35:00.000Z,,,,,,2025-03-25 14:06:02.396471
21794,Aptos,APT,aptos,489,2022-10-19T01:50:25.000Z,"['binance-labs-portfolio', 'aptos-ecosystem', 'circle-ventures-portfolio', 'layer-1', 'ftx-bankruptcy-estate', 'move-vm', 'made-in-america']",,603385859.6545798,1145402152.5707397,True,,30,130000000.0,773691727.0903063,,2025-03-25T08:35:00.000Z,5.951474823771587,102751461.95294864,6.4423,-0.58951923,2.2888754,10.02288166,-3.62294351,-29.63009868,-38.59841094,3591035752.754008,0.1263,6816832074.12,,2025-03-25T08:35:00.000Z,,,,,,2025-03-25 14:06:02.396471
6535,NEAR Protocol,NEAR,near-protocol,504,2020-08-11T00:00:00.000Z,"['platform', 'ai-big-data', 'staking', 'coinbase-ventures-portfolio', 'three-arrows-capital-portfolio', 'arrington-xrp-capital-portfolio', 'coinfund-portfolio', 'electric-capital-portfolio', 'fabric-ventures-portfolio', 'kenetic-capital-portfolio', 'near-protocol-ecosystem', 'cross-chain', 'injective-ecosystem', 'circle-ventures-portfolio', 'layer-1', 'alleged-sec-securities', 'account-abstraction', 'data-availability', 'cmc-crypto-yearbook-2024-2025', 'made-in-america']",,1197223592.0,1241667160.0,False,,31,,,,2025-03-25T08:35:00.000Z,2.9379955405539486,157011518.43423945,4.4633,0.41680184,1.21364441,13.44982397,-15.24722601,-42.17736075,-46.98357253,3517437574.34198,0.1237,3648012578.93,,2025-03-25T08:35:00.000Z,,,,,,2025-03-25 14:06:02.396471
24478,Pepe,PEPE,pepe,534,2023-04-17T06:18:08.000Z,"['memes', 'ethereum-ecosystem']",420690000000000.0,420689899653543.56,420689899653543.56,False,,32,,,,2025-03-25T08:35:00.000Z,7.985346542621638e-06,637699827.2117369,37.3679,0.21438596,4.69474585,13.93102124,-17.47517472,-48.84302876,-57.48375955,3359354635.7142677,0.1182,3359355437.02,,2025-03-25T08:35:00.000Z,1027.0,Ethereum,ETH,ethereum,0x6982508145454ce325ddbe47a25d4ec3d2311933,2025-03-25 14:06:02.396471
3897,OKB,OKB,okb,138,2019-04-30T00:00:00.000Z,"['marketplace', 'centralized-exchange', 'discount-token', 'ethereum-ecosystem', 'alameda-research-portfolio', 'x1-ecosystem', 'okexchain-ecosystem']",,60000000.0,300000000.0,False,,33,246638974.0,12321568419.60442,,2025-03-25T08:35:00.000Z,49.957913057181386,6745358.28851929,-33.91,0.02138823,-1.61909302,-4.28808603,0.59863248,-8.64535599,4.89771618,2997474783.4308834,0.1054,14987373917.15,,2025-03-25T08:35:00.000Z,1027.0,Ethereum,ETH,ethereum,0x75231f58b43240c9718dd58b4967c5114342a86c,2025-03-25 14:06:02.396471
8916,Internet Computer,ICP,internet-computer,322,2021-03-23T00:00:00.000Z,"['platform', 'ai-big-data', 'smart-contracts', 'polychain-capital-portfolio', 'electric-capital-portfolio', 'fenbushi-capital-portfolio', 'hashkey-capital-portfolio', 'a16z-portfolio', 'multicoin-capital-portfolio', 'exnetwork-capital-portfolio', 'icp-ecosystem', 'internet-computer-ecosystem', 'layer-1', 'alleged-sec-securities']",,481806843.05961823,530682814.34667766,True,,34,481806843.05961823,2921585996.434891,,2025-03-25T08:35:00.000Z,6.063811750538747,56193269.16420753,6.2133,0.31249513,0.61070318,3.66494029,-16.16380114,-34.7838727,-46.60849867,2921585996.434891,0.1028,3217960685.44,,2025-03-25T08:35:00.000Z,,,,,,2025-03-25 14:06:02.396471
21159,Ondo,ONDO,ondo-finance,278,2024-01-18T12:06:25.000Z,"['ethereum-ecosystem', 'real-world-assets', 'binance-alpha', 'cmc-crypto-yearbook-2024-2025', 'made-in-america', 'world-liberty-financial-portfolio']",,3159107529.0,10000000000.0,False,,35,,,,2025-03-25T08:35:00.000Z,0.9112074657535422,139800220.0942078,59.5174,1.22682548,3.73829884,8.59484347,-20.68935469,-37.048689,-44.96541942,2878602365.5430245,0.1012,9112074657.54,,2025-03-25T08:35:00.000Z,1027.0,Ethereum,ETH,ethereum,0xfaba6f8e4a5e8ab82f62fe7c39859fa577269be3,2025-03-25 14:06:02.396471
3635,Cronos,CRO,cronos,276,2018-12-14T00:00:00.000Z,"['medium-of-exchange', 'cosmos-ecosystem', 'centralized-exchange', 'mobile', 'payments', 'injective-ecosystem', 'osmosis-ecosystem', 'layer-1']",,26571560696.0,30000000000.0,False,,36,,,,2025-03-25T08:35:00.000Z,0.10706435229879603,307942561.26679325,1387.6563,0.47130098,29.34160479,32.740105,24.37149288,-25.44423636,-33.21347865,2844866935.485386,0.1001,3211930568.96,,2025-03-25T08:35:00.000Z,,,,,,2025-03-25 14:06:02.396471
7278,Aave,AAVE,aave,1035,2020-10-02T00:00:00.000Z,"['defi', 'dao', 'ethereum-ecosystem', 'yield-farming', 'three-arrows-capital-portfolio', 'governance', 'heco-ecosystem', 'avalanche-ecosystem', 'solana-ecosystem', 'lending-borowing', 'blockchain-capital-portfolio', 'defiance-capital-portfolio', 'framework-ventures-portfolio', 'alameda-research-portfolio', 'pantera-capital-portfolio', 'parafi-capital', 'polygon-ecosystem', 'fantom-ecosystem', 'near-protocol-ecosystem', 'optimism-ecosystem', 'standard-crypto-portfolio', 'gnosis-chain-ecosystem', 'sora-ecosystem', 'made-in-america', 'world-liberty-financial-portfolio']",,15091489.85016699,16000000.0,False,,37,,,0.14837893,2025-03-25T08:35:00.000Z,188.29549842180654,181997549.2350747,-25.3472,0.10576097,-2.57187868,9.0555316,-25.03809625,-46.17314628,-50.83208705,2841659603.2648277,0.0999,3012727974.75,19151368155.15509,2025-03-25T08:35:00.000Z,1027.0,Ethereum,ETH,ethereum,0x7Fc66500c84A76Ad7e9c93437bFc5Ac33E2DDaE9,2025-03-25 14:06:02.396471
27075,Mantle,MNT,mantle,128,2023-07-17T11:00:31.000Z,"['ethereum-ecosystem', 'layer-2', 'dwf-labs-portfolio']",6219316795.0,3364694382.8368406,6219316794.99,False,,38,3364694382.8368406,2824392626.912623,,2025-03-25T08:35:00.000Z,0.8394202579942257,187166969.03152892,28.3397,0.12082275,-0.66318986,1.46662203,-8.06885721,-31.92706025,-33.25136084,2824392626.912623,0.0993,5220620508.61,,2025-03-25T08:35:00.000Z,1027.0,Ethereum,ETH,ethereum,0x3c3a81e81dc49a522a592e7622a7e711c06bf354,2025-03-25 14:06:02.396471
1321,Ethereum Classic,ETC,ethereum-classic,608,2016-07-24T00:00:00.000Z,"['mineable', 'pow', 'ethash', 'platform', 'smart-contracts', 'dcg-portfolio', '2017-2018-alt-season', 'ethereum-classic-ecosystem']",210700000.0,151253144.90476865,210700000.0,False,,39,,,,2025-03-25T08:35:00.000Z,18.31936771662995,98033156.9550921,8.2147,0.32953386,-0.05497955,3.99516748,-12.45414689,-36.29572282,-33.64936288,2770861979.807171,0.0975,3859890777.89,,2025-03-25T08:35:00.000Z,,,,,,2025-03-25 14:06:02.396471
26081,First Digital USD,FDUSD,first-digital-usd,489,2023-07-26T04:26:40.000Z,"['stablecoin', 'binance-smart-chain', 'usd-stablecoin', 'sui-ecosystem', 'fiat-stablecoin']",,2435156634.257888,2435156634.257888,False,,40,,,,2025-03-25T08:35:00.000Z,0.9981284799730683,5244040917.590434,43.7459,-0.03188629,-0.05294498,-0.08807903,-0.0700885,-0.10138202,-0.44422322,2430599189.848159,0.0855,2430599189.85,,2025-03-25T08:35:00.000Z,1027.0,Ethereum,ETH,ethereum,0xc5f0f7b66764F6ec8C8Dff7BA683102295E16409,2025-03-25 14:06:02.396471
28321,POL (prev. MATIC),POL,polygon-ecosystem-token,500,2023-10-30T14:43:57.000Z,"['ethereum-ecosystem', 'polygon-ecosystem']",,10390381896.029568,10390381896.029568,False,,41,62242397.94040099,13813444.818304947,,2025-03-25T08:35:00.000Z,0.22192983039521944,100558226.96130525,6.0907,0.68852535,1.15490709,5.02047022,-25.5645068,-50.02141257,-57.3138451,2305935691.9274006,0.0811,2305935691.93,,2025-03-25T08:35:00.000Z,1027.0,Ethereum,ETH,ethereum,0x455e53cbb86018ac2b8092fdcd39d8444affc3f6,2025-03-25 14:06:02.396471
35336,OFFICIAL TRUMP,TRUMP,official-trump,546,2025-01-18T04:19:35.000Z,"['memes', 'solana-ecosystem', 'political-memes', 'celebrity-memes', 'made-in-america', 'moonshot']",999999993.45,199999448.992847,999999471.856847,False,,42,200000000.0,2285454564.0499125,,2025-03-25T08:35:00.000Z,11.427272820249563,599309318.1225096,-57.0909,0.16698554,-4.12876849,3.6458114,-29.98943116,-67.13024647,76.18004023,2285448267.540849,0.0804,11427272745.4,,2025-03-25T08:35:00.000Z,5426.0,Solana,SOL,solana,6p6xgHyF7AeE6TZkSmFsko444wqoP15icUSqi2jfGiPN,2025-03-25 14:06:02.396471
22974,Bittensor,TAO,bittensor,138,2023-03-06T05:20:00.000Z,"['ai-big-data', 'distributed-computing', 'oracles', 'dao', 'polkadot-ecosystem', 'polychain-capital-portfolio', 'dcg-portfolio', 'open-source', 'generative-ai', 'depin', 'cmc-crypto-yearbook-2024-2025']",21000000.0,8477596.0,8477596.0,False,,43,,,,2025-03-25T08:35:00.000Z,267.19066023231153,79148416.576562,16.9789,0.32726393,0.05517521,7.00562536,-38.31432443,-30.95610095,-46.7393969,2265134472.4228034,0.0797,5611003864.88,,2025-03-25T08:35:00.000Z,,,,,,2025-03-25 14:06:02.396471
3077,VeChain,VET,vechain,330,2017-08-22T00:00:00.000Z,"['logistics', 'data-provenance', 'iot', 'smart-contracts', 'fenbushi-capital-portfolio', 'real-world-assets']",86712634466.0,85985041177.0,85985041177.0,False,,44,85985041177.0,2255682627.894175,,2025-03-25T08:35:00.000Z,0.026233430803979704,55127577.65446378,-24.6988,-0.00777869,-1.48670574,6.59608422,-18.7336717,-46.35643461,-49.9532149,2255682627.894175,0.0793,2274769896.09,,2025-03-25T08:35:00.000Z,,,,,,2025-03-25 14:06:02.396471
30171,Ethena,ENA,ethena,265,2024-03-29T04:42:08.000Z,"['defi', 'ethereum-ecosystem', 'binance-labs-portfolio', 'okx-ventures-portfolio', 'cmc-crypto-yearbook-2024-2025', 'world-liberty-financial-portfolio']",,5285937500.0,15000000000.0,False,,45,1479139274.0,606904230.4073715,0.3306737,2025-03-25T08:35:00.000Z,0.41030905005053064,176841596.79642454,12.8869,1.43731744,4.97588921,12.20380004,-12.3252084,-54.11580968,-60.17368994,2168867994.251477,0.0763,6154635750.76,6558937029.55711,2025-03-25T08:35:00.000Z,1027.0,Ethereum,ETH,ethereum,0x57e114B691Db790C35207b2e685D4A43181e6061,2025-03-25 14:06:02.396471
22861,Celestia,TIA,celestia,269,2023-10-31T16:51:41.000Z,"['platform', 'cosmos-ecosystem', 'injective-ecosystem', 'osmosis-ecosystem', 'modular-blockchain', 'egirl-capital-portfolio', 'data-availability', 'cmc-crypto-awards-2024']",,573452431.622742,1110890958.903765,False,,46,141043527.75,527308493.1874018,,2025-03-25T08:35:00.000Z,3.7386224068505816,69086765.75856781,-16.3375,1.41439851,2.76303993,10.33236574,0.07279258,-21.82183772,-28.56514736,2143922110.1277344,0.0754,4153201830.53,,2025-03-25T08:35:00.000Z,12220.0,Osmosis,OSMO,osmosis,ibc/D79E7D83AB399BFFF93433E54FAA480C191248FC556924A2A8351AE2638B3877,2025-03-25 14:06:02.396471
4269,GateToken,GT,gatetoken,34,2019-08-20T00:00:00.000Z,"['marketplace', 'centralized-exchange', 'discount-token', 'ethereum-ecosystem', 'solana-ecosystem', 'ftx-bankruptcy-estate']",,85821825.65566906,300000000.0,False,,47,,,,2025-03-25T08:35:00.000Z,23.769137609164115,17115418.05649929,-66.1266,0.06574809,0.79333859,7.85506233,1.66750022,0.35251719,71.18841654,2039910783.8792894,0.0717,7130741282.75,,2025-03-25T08:35:00.000Z,1027.0,Ethereum,ETH,ethereum,0xe66747a101bff2dba3697199dcce5b743b454759,2025-03-25 14:06:02.396471
2280,Filecoin,FIL,filecoin,577,2017-12-13T00:00:00.000Z,"['mineable', 'ai-big-data', 'distributed-computing', 'filesharing', 'storage', 'polychain-capital-portfolio', 'blockchain-capital-portfolio', 'boostvc-portfolio', 'dcg-portfolio', 'hashkey-capital-portfolio', 'a16z-portfolio', 'winklevoss-capital-portfolio', 'pantera-capital-portfolio', 'web3', 'filecoin-ecosystem', 'layer-1', 'alleged-sec-securities', 'depin', '2017-2018-alt-season', 'hoo-smart-chain-ecosystem', 'made-in-america']",,645941959.0,1959598815.0,False,,48,,,,2025-03-25T08:35:00.000Z,3.1165514078523158,100904744.76175626,-11.3441,-0.02212982,-1.60783384,5.39797428,-10.80442974,-39.07898563,-41.81856253,2013111321.7123327,0.0708,6107190445.71,,2025-03-25T08:35:00.000Z,,,,,,2025-03-25 14:06:02.396471
20396,Kaspa,KAS,kaspa,171,2022-06-01T00:03:58.000Z,"['mineable', 'dag', 'pow', 'store-of-value', 'polychain-capital-portfolio', 'layer-1', 'made-in-america']",28704026601.0,25914581742.86687,25914581742.86687,False,,49,,,,2025-03-25T08:35:00.000Z,0.07740604719742301,64058306.70312218,106.287,0.07470033,-5.32320154,5.41991689,-23.79042232,-41.40994769,-34.03037956,2005945337.4898298,0.0706,2221865237.83,,2025-03-25T08:35:00.000Z,,,,,,2025-03-25 14:06:02.396471
5690,Render,RENDER,render,543,2020-06-11T00:00:00.000Z,"['art', 'media', 'vr-ar', 'ai-big-data', 'distributed-computing', 'collectibles-nfts', 'scaling', 'video', 'ethereum-ecosystem', 'solana-ecosystem', 'metaverse', 'alameda-research-portfolio', 'multicoin-capital-portfolio', 'polygon-ecosystem', 'web3', 'generative-ai', 'depin', 'cmc-crypto-yearbook-2024-2025', 'made-in-america']",644168762.0,517716590.05628264,532476763.3362826,False,,50,,,,2025-03-25T08:35:00.000Z,3.872190258340188,108926563.36776364,66.0309,1.42078527,3.45523784,22.12333159,-9.05057406,-45.85683588,-49.76535052,2004697136.5970383,0.0705,2494344004.94,,2025-03-25T08:35:00.000Z,1027.0,Ethereum,ETH,ethereum,0x6de037ef9ad2725eb40118bb1702ebb27e4aeb24,2025-03-25 14:06:02.396471
3794,Cosmos,ATOM,cosmos,863,2019-03-14T00:00:00.000Z,"['platform', 'cosmos-ecosystem', 'content-creation', 'interoperability', 'polychain-capital-portfolio', 'dragonfly-capital-portfolio', 'hashkey-capital-portfolio', '1confirmation-portfolio', 'paradigm-portfolio', 'exnetwork-capital-portfolio', 'cronos-ecosystem', 'injective-ecosystem', 'canto-ecosystem', 'osmosis-ecosystem', 'layer-1', 'alleged-sec-securities']",,390934204.0,390934204.0,True,,51,,,,2025-03-25T08:35:00.000Z,4.894745275373618,131041656.70293993,-2.9173,-0.24101202,0.29476291,2.51520213,-1.65363745,-21.29736103,-29.63105977,1913523348.010946,0.0673,1913523348.01,,2025-03-25T08:35:00.000Z,,,,,,2025-03-25 14:06:02.396471
11841,Arbitrum,ARB,arbitrum,1114,2023-03-23T12:50:11.000Z,"['scaling', 'dao', 'dapp', 'ethereum-ecosystem', 'polychain-capital-portfolio', 'layer-2', 'rollups', 'pantera-capital-portfolio', 'arbitrum-ecosystem', 'osmosis-ecosystem', 'modular-blockchain', 'egirl-capital-portfolio']",,4617913336.0,10000000000.0,False,,52,,,,2025-03-25T08:35:00.000Z,0.3893678776142463,102379209.13951415,-12.6694,0.2193257,1.60678083,6.83009794,-19.90092762,-46.75598178,-51.63540782,1798067114.6448438,0.0632,3893678776.14,,2025-03-25T08:35:00.000Z,11841.0,Arbitrum,ARB,arbitrum,0x912CE59144191C1204E64559FE8253a0e49E6548,2025-03-25 14:06:02.396471
4030,Algorand,ALGO,algorand,488,2019-06-20T00:00:00.000Z,"['pos', 'platform', 'research', 'smart-contracts', 'algorand-ecosystem', 'arrington-xrp-capital-portfolio', 'kenetic-capital-portfolio', 'usv-portfolio', 'multicoin-capital-portfolio', 'exnetwork-capital-portfolio', 'real-world-assets', 'layer-1', 'dwf-labs-portfolio', 'alleged-sec-securities', 'made-in-america']",10000000000.0,8521856645.968602,10000000000.0,False,,53,8521856645.968602,1726160894.6650302,,2025-03-25T08:35:00.000Z,0.20255690354538147,66026919.61115135,-2.4238,-0.20532677,1.20175084,7.5719406,-23.8183748,-51.53257585,-47.93969125,1726160894.6650302,0.0607,2025569035.45,,2025-03-25T08:35:00.000Z,,,,,,2025-03-25 14:06:02.396471
32684,Sonic (prev. FTM),S,sonic,182,2025-01-03T14:11:26.000Z,"['staking', 'layer-1']",,2880000000.0,3175000000.0,True,,54,2880000000.0,1696583955.079863,,2025-03-25T08:35:00.000Z,0.5890916510693969,190671325.42395183,9.9255,0.67760458,-0.83749931,20.20720676,-27.53307131,2.62234013,-27.00586562,1696583955.079863,0.0597,1870365992.15,,2025-03-25T08:35:00.000Z,,,,,,2025-03-25 14:06:02.396471
35626,Story,IP,story-protocol,93,2025-02-06T07:02:40.000Z,"['ai-big-data', 'smart-contracts', 'layer-1', 'made-in-america']",,258364177.0,1001412094.0,True,,55,250000000.0,1571771417.559439,,2025-03-25T08:35:00.000Z,6.287085670237755,150739006.24667928,143.2374,-0.75508677,12.75074339,16.15657765,42.00761283,117.60770597,117.60770597,1624357714.919471,0.0571,6295963626.19,,2025-03-25T08:35:00.000Z,,,,,,2025-03-25 14:06:02.396471
29210,Jupiter,JUP,jupiter-ag,672,2024-01-31T08:38:13.000Z,"['decentralized-exchange-dex-token', 'defi', 'derivatives', 'amm', 'solana-ecosystem', 'cross-chain', 'moonshot']",10000000000.0,2690911111.1,6999978150.910969,False,,56,,,,2025-03-25T08:35:00.000Z,0.5600451677920685,84539838.1306789,-4.3947,0.18325796,-0.27192735,8.57128151,-28.94973766,-35.23106203,-37.91037084,1507031764.7295408,0.053,5600451677.92,,2025-03-25T08:35:00.000Z,5426.0,Solana,SOL,solana,JUPyiwrYJFskUPiHa7hkeR8VUtAeFoSYbKedZNsDvCN,2025-03-25 14:06:02.396471
11840,Optimism,OP,optimism-ethereum,640,2022-05-31T16:19:46.000Z,"['layer-2', 'optimism-ecosystem', 'modular-blockchain', 'made-in-america']",4294967296.0,1620705846.0,4294967296.0,False,,57,,,,2025-03-25T08:35:00.000Z,0.905994165395287,89797128.5473425,-27.8228,0.49614542,0.58060446,3.04093538,-22.66366291,-49.14096066,-53.25546605,1468350040.2980325,0.0516,3891215310.74,,2025-03-25T08:35:00.000Z,11840.0,Optimism,OP,optimism-ethereum,0x4200000000000000000000000000000000000042,2025-03-25 14:06:02.396471
7326,DeXe,DEXE,dexe,111,2020-10-07T00:00:00.000Z,"['asset-management', 'ai-big-data', 'defi', 'dao', 'ethereum-ecosystem', 'bnb-chain-ecosystem']",,83733353.16057505,96504599.33609451,False,,58,36466824.0,635955037.2276968,,2025-03-25T08:35:00.000Z,17.439276785598242,9600377.01433183,-56.3835,0.62362908,0.48363374,-1.66499732,-7.50935218,-8.43980477,26.72683034,1460249121.9535155,0.0514,1682970418.91,,2025-03-25T08:35:00.000Z,1027.0,Ethereum,ETH,ethereum,0xde4EE8057785A7e8e800Db58F9784845A5C2Cbd6,2025-03-25 14:06:02.396471
2087,KuCoin Token,KCS,kucoin-token,58,2017-10-24T00:00:00.000Z,"['marketplace', 'centralized-exchange', 'discount-token', 'ethereum-ecosystem']",200000000.0,122561753.85133564,142561753.85133564,False,,59,,,,2025-03-25T08:35:00.000Z,11.343683097532871,719326.256594,28.9643,0.04669678,0.18167021,1.75164907,-5.83796058,-9.90608773,1.85798605,1390301695.5673804,0.0489,2268736619.51,,2025-03-25T08:35:00.000Z,1027.0,Ethereum,ETH,ethereum,0xf34960d9d60be18cc1d5afc1a6f012a723a28811,2025-03-25 14:06:02.396471
3773,Artificial Superintelligence Alliance,FET,artificial-superintelligence-alliance,451,2019-03-02T00:00:00.000Z,"['cosmos-ecosystem', 'ai-big-data', 'collectibles-nfts', 'iot', 'ethereum-ecosystem', 'binance-launchpad', 'web3', 'injective-ecosystem', 'osmosis-ecosystem', 'generative-ai', 'dwf-labs-portfolio', 'ai-agents']",2719493897.0,2389266084.6701574,2714493896.672,False,,60,,,,2025-03-25T08:35:00.000Z,0.5573349749484838,112466106.70347275,38.2802,0.64031464,2.56834007,9.36232897,-27.69227331,-55.33953976,-59.11818158,1331621553.4449043,0.0468,1515669062.96,,2025-03-25T08:35:00.000Z,,,,,,2025-03-25 14:06:02.396471
2634,XDC Network,XDC,xdc-network,132,2018-04-12T00:00:00.000Z,"['enterprise-solutions', 'masternodes', 'smart-contracts', 'xdc-ecosystem', 'real-world-assets', 'layer-1']",,15697171820.4,37980706856.4,False,,61,15697176149.4,1162001531.8162673,,2025-03-25T08:35:00.000Z,0.07402615099408712,18172192.92535916,-45.91,0.16214594,1.80596355,10.18233062,-14.84722895,-35.71543161,-10.16974517,1162001211.3570597,0.0409,2811565540.61,,2025-03-25T08:35:00.000Z,,,,,,2025-03-25 14:06:02.396471
32452,Movement,MOVE,movement,165,2024-07-29T03:27:27.000Z,"['binance-labs-portfolio', 'layer-1', 'move-vm', 'made-in-america', 'binance-hodler-airdrops', 'world-liberty-financial-portfolio']",10000000000.0,2450000000.0,10000000000.0,False,,62,2450000000.0,1135333229.2872255,,2025-03-25T08:35:00.000Z,0.4634013180764186,126076607.6343599,162.3789,3.40261557,7.51801931,6.42244463,-6.13304836,-31.68268814,-55.71112219,1135333229.2872255,0.0399,4634013180.76,,2025-03-25T08:35:00.000Z,1027.0,Ethereum,ETH,ethereum,0x3073f7aAA4DB83f95e9FFf17424F71D4751a3073,2025-03-25 14:06:02.396471
10603,Immutable,IMX,immutable-x,352,2021-06-24T00:00:00.000Z,"['collectibles-nfts', 'zero-knowledge-proofs', 'gaming', 'scaling', 'ethereum-ecosystem', 'layer-2', 'rollups', 'arrington-xrp-capital-portfolio', 'alameda-research-portfolio']",2000000000.0,1792834764.3898141,2000000000.0,False,,63,,,,2025-03-25T08:35:00.000Z,0.6257731232123737,54521768.30177378,42.5604,-1.57492545,1.0568737,9.21771376,-13.07215649,-48.97968373,-57.37745922,1121907809.915934,0.0395,1251546246.42,,2025-03-25T08:35:00.000Z,1027.0,Ethereum,ETH,ethereum,0xf57e7e7c23978c3caec3c3548e3d615c346e79ff,2025-03-25 14:06:02.396471
13502,Worldcoin,WLD,worldcoin-org,402,2021-10-28T15:31:43.000Z,"['privacy', 'zero-knowledge-proofs', 'identity', 'ethereum-ecosystem', 'governance', 'blockchain-capital-portfolio', 'a16z-portfolio', 'token', 'optimism-ecosystem', 'world-chain-mainnet-ecosystem', 'made-in-america']",,1193296317.74613,10000000000.0,False,,64,1193296317.74613,1096402110.2468898,,2025-03-25T08:35:00.000Z,0.918801218056005,236342991.4954458,164.6007,0.45263262,6.78404212,9.14426886,-27.25008546,-60.26261023,-60.81449833,1096402110.2468898,0.0386,9188012180.56,,2025-03-25T08:35:00.000Z,1027.0,Ethereum,ETH,ethereum,0x163f8c2467924be0ae7b5347228cabf260318753,2025-03-25 14:06:02.396471
1518,Maker,MKR,maker,554,2017-01-29T00:00:00.000Z,"['store-of-value', 'defi', 'dao', 'ethereum-ecosystem', 'polychain-capital-portfolio', 'governance', 'avalanche-ecosystem', 'lending-borowing', 'dragonfly-capital-portfolio', 'electric-capital-portfolio', 'a16z-portfolio', '1confirmation-portfolio', 'placeholder-ventures-portfolio', 'pantera-capital-portfolio', 'paradigm-portfolio', 'near-protocol-ecosystem', 'arbitrum-ecosystem', 'spartan-group', 'real-world-assets', 'standard-crypto-portfolio', 'made-in-america']",1000000.0,848074.41837467,874318.96568131,False,,65,909392.6912187457,1156386345.3888376,0.15623099,2025-03-25T08:35:00.000Z,1271.6028582097763,42437179.26137426,-4.2759,0.2270151,0.74261091,3.58945215,-19.52725594,-2.64843549,-22.6617851,1078413854.379824,0.0379,1271602858.21,6902688618.85368,2025-03-25T08:35:00.000Z,1027.0,Ethereum,ETH,ethereum,0x9f8f72aa9304c8b593d555f12ef6589cc3a579a2,2025-03-25 14:06:02.396471
23095,Bonk,BONK,bonk1,670,2022-12-30T06:58:50.000Z,"['memes', 'ethereum-ecosystem', 'solana-ecosystem', 'polygon-ecosystem', 'doggone-doggerel', 'arbitrum-ecosystem', 'injective-ecosystem', 'aptos-ecosystem', 'sui-ecosystem', 'dwf-labs-portfolio', 'base-ecosystem', 'cmc-crypto-awards-2024', 'made-in-america']",88872433754423.19,77978977282253.28,88851188086437.19,False,,66,77978985754189.52,1072954156.2257115,,2025-03-25T08:35:00.000Z,1.3759529517451638e-05,154995690.91335145,-34.9094,0.37981703,2.18245123,27.79801091,-14.84811144,-55.99268136,-58.06776864,1072954039.6558547,0.0377,1222842875.53,,2025-03-25T08:35:00.000Z,1027.0,Ethereum,ETH,ethereum,0x1151CB3d861920e07a38e03eEAd12C32178567F6,2025-03-25 14:06:02.396471
4847,Stacks,STX,stacks,227,2019-10-28T00:00:00.000Z,"['mineable', 'platform', 'collectibles-nfts', 'defi', 'smart-contracts', 'metaverse', 'arrington-xrp-capital-portfolio', 'blockchain-capital-portfolio', 'dcg-portfolio', 'fabric-ventures-portfolio', 'hashkey-capital-portfolio', 'huobi-capital-portfolio', 'usv-portfolio', 'web3', 'injective-ecosystem', 'bitcoin-ecosystem', 'made-in-america']",1818000000.0,1518453173.6012,1518451173.6012,False,,67,1048765672.087772,725344749.7055578,,2025-03-25T08:35:00.000Z,0.6916175548171958,50942894.63019071,61.0382,0.47837764,2.88655539,13.04605416,-26.67955713,-51.51159779,-59.69112523,1050188871.0304729,0.0369,1257360714.66,,2025-03-25T08:35:00.000Z,,,,,,2025-03-25 14:06:02.396471
7226,Injective,INJ,injective,463,2020-09-29T00:00:00.000Z,"['pos', 'platform', 'cosmos-ecosystem', 'ai-big-data', 'smart-contracts', 'cosmos', 'binance-smart-chain', 'binance-launchpad', 'binance-labs-portfolio', 'cms-holdings-portfolio', 'pantera-capital-portfolio', 'web3', 'injective-ecosystem', 'osmosis-ecosystem', 'real-world-assets', 'layer-1', 'made-in-america']",,99970935.41,100000000.0,False,,68,,,,2025-03-25T08:35:00.000Z,10.495320863063473,70621824.02965146,-23.3047,0.22814189,0.84195309,7.35463461,-32.85401826,-50.9760806,-54.82233807,1049227044.1085439,0.0369,1049532086.31,,2025-03-25T08:35:00.000Z,1027.0,Ethereum,ETH,ethereum,0xe28b3b32b6c345a34ff64674606124dd5aceca30,2025-03-25 14:06:02.396471
6719,The Graph,GRT,the-graph,543,2020-12-17T00:00:00.000Z,"['ai-big-data', 'enterprise-solutions', 'defi', 'ethereum-ecosystem', 'coinbase-ventures-portfolio', 'avalanche-ecosystem', 'solana-ecosystem', 'analytics', 'coinfund-portfolio', 'dcg-portfolio', 'fabric-ventures-portfolio', 'framework-ventures-portfolio', 'ledgerprime-portfolio', 'multicoin-capital-portfolio', 'parafi-capital', 'polygon-ecosystem', 'fantom-ecosystem', 'web3', 'near-protocol-ecosystem', 'arbitrum-ecosystem', 'spartan-group', 'injective-ecosystem', 'sora-ecosystem', 'made-in-america']",,9775189789.318213,10800262823.318213,False,,69,,,,2025-03-25T08:35:00.000Z,0.1022626861646237,36742820.29583878,14.1577,0.31995005,1.27598945,7.40174377,-26.89840228,-47.24086936,-54.84136159,999637165.6246824,0.0352,1104463887.6,,2025-03-25T08:35:00.000Z,1027.0,Ethereum,ETH,ethereum,0xc944e90c64b2c07662a292be6244bdf05cda44a7,2025-03-25 14:06:02.396471
23149,Sei,SEI,sei,258,2023-08-14T07:35:00.000Z,"['cosmos-ecosystem', 'coinbase-ventures-portfolio', 'multicoin-capital-portfolio', 'osmosis-ecosystem', 'layer-1', 'jump-crypto', 'sei-ecosystem', 'parallel-evm', 'made-in-america', 'world-liberty-financial-portfolio']",,4882361111.0,10000000000.0,False,,70,,,,2025-03-25T08:35:00.000Z,0.20459258571345545,63244656.00231382,2.6023,0.83981455,1.86436154,3.76885229,-26.01892536,-42.51575649,-55.80530149,998894884.0863091,0.0351,2045925857.13,,2025-03-25T08:35:00.000Z,,,,,,2025-03-25 14:06:02.396471
2416,Theta Network,THETA,theta-network,239,2018-01-17T00:00:00.000Z,"['media', 'vr-ar', 'ai-big-data', 'distributed-computing', 'content-creation', 'entertainment', 'sharing-economy', 'smart-contracts', 'video', 'huobi-capital-portfolio', 'web3', 'layer-1', 'depin', '2017-2018-alt-season', 'made-in-america']",1000000000.0,1000000000.0,1000000000.0,False,,71,,,,2025-03-25T08:35:00.000Z,0.9729519575420282,15585487.65172435,-34.7785,0.48997414,0.20308569,7.57233663,-27.84862497,-52.95634178,-58.68350846,972951957.5420282,0.0342,972951957.54,,2025-03-25T08:35:00.000Z,,,,,,2025-03-25 14:06:02.396471
8000,Lido DAO,LDO,lido-dao,506,2020-12-15T00:00:00.000Z,"['defi', 'dao', 'ethereum-ecosystem', 'three-arrows-capital-portfolio', 'solana-ecosystem', 'paradigm-portfolio', 'terra-ecosystem', 'arbitrum-ecosystem', 'liquid-staking-derivatives', 'optimism-ecosystem', 'standard-crypto-portfolio', 'egirl-capital-portfolio', 'cmc-crypto-yearbook-2024-2025']",,897877243.8587132,1000000000.0,False,,72,897877243.8587132,958443856.0130194,0.04899524,2025-03-25T08:35:00.000Z,1.0674553370948745,67956924.71761028,-3.241,0.86500264,-0.59977844,12.2713427,-37.1681194,-47.8183757,-44.07707416,958443856.0130194,0.0337,1067455337.09,19561977868.98082,2025-03-25T08:35:00.000Z,1027.0,Ethereum,ETH,ethereum,0x5a98fcbea516cf06857215779fd812ca3bef1b32,2025-03-25 14:06:02.396471
23635,Four,FORM,binaryx-new,145,2023-02-22T12:30:00.000Z,"['gaming', 'binance-chain', 'bnb-chain-ecosystem']",580000000.0,381867255.144574,572301922.0959299,False,,73,381867255.14,953625978.6174246,,2025-03-25T08:35:00.000Z,2.4972708861036192,140809284.21129572,52.3982,-0.61500634,23.15684522,41.19624162,119.08616389,776.14670528,479.28990961,953625978.6288471,0.0335,1448417113.94,,2025-03-25T08:35:00.000Z,1839.0,BNB Smart Chain (BEP20),BNB,bnb,0x5b73A93b4E5e4f1FD27D8b3F8C97D69908b5E284,2025-03-25 14:06:02.396471
3155,Quant,QNT,quant,298,2018-08-10T00:00:00.000Z,"['platform', 'interoperability', 'ethereum-ecosystem', 'real-world-assets']",14881364.0,12072738.0,14881364.0,False,,74,,,,2025-03-25T08:35:00.000Z,78.49322483803937,18917386.32253166,9.1049,0.09848896,-0.58406685,2.73779647,-19.40692997,-27.99702033,-35.83898553,947628138.2447417,0.0333,1168086250.35,,2025-03-25T08:35:00.000Z,1027.0,Ethereum,ETH,ethereum,0x4a220e6096b25eadb88358cb44068a3248254675,2025-03-25 14:06:02.396471
1765,EOS,EOS,eos,749,2017-07-01T00:00:00.000Z,"['medium-of-exchange', 'enterprise-solutions', 'smart-contracts', 'eos-ecosystem', 'heco-ecosystem', 'fenbushi-capital-portfolio', 'galaxy-digital-portfolio', 'dwf-labs-portfolio', '2017-2018-alt-season', 'made-in-america']",2100000000.0,1554615223.0845,2100000000.0,False,,75,1554615223.0845,898341699.3386347,,2025-03-25T08:35:00.000Z,0.5778546909866493,115752423.4486367,1.6793,-0.46418867,0.7083272,17.09359131,-12.00802179,-29.07795205,-32.66819125,898341699.3386347,0.0316,1213494851.07,,2025-03-25T08:35:00.000Z,,,,,,2025-03-25 14:06:02.396471
7950,Flare,FLR,flare,84,2020-12-11T00:00:00.000Z,"['layer-1', 'dwf-labs-portfolio']",,61085809031.69595,103197948778.14275,False,,76,61085809031.69595,897077770.1114758,,2025-03-25T08:35:00.000Z,0.014685534731086296,8395473.50245783,79.0125,0.05352157,-0.87311136,-1.04488036,-26.9576072,-45.90200983,-47.43776932,897077770.1114758,0.0316,1515517060.96,,2025-03-25T08:35:00.000Z,,,,,,2025-03-25 14:06:02.396471
24647,Berachain,BERA,berachain,144,2025-02-06T13:00:00.000Z,"['defi', 'layer-1', 'modular-blockchain', 'cmc-crypto-yearbook-2024-2025', 'binance-hodler-airdrops']",,107480000.0,500000000.0,True,,77,107989297.5953384,822019628.8228301,,2025-03-25T08:35:00.000Z,7.612047185482521,250692604.68473846,239.8259,0.41445587,10.28961911,23.10442617,5.59620643,661.20471855,661.20471855,818142831.4956614,0.0288,3806023592.74,,2025-03-25T08:35:00.000Z,,,,,,2025-03-25 14:06:02.396471
7080,Gala,GALA,gala,500,2020-09-16T00:00:00.000Z,"['collectibles-nfts', 'gaming', 'ethereum-ecosystem', 'binance-smart-chain', 'polygon-ecosystem', 'play-to-earn', 'dwf-labs-portfolio', 'made-in-america']",50000000000.0,43677297702.05227,43677297702.05227,False,,78,,,,2025-03-25T08:35:00.000Z,0.018242999952655874,47222175.32159109,-33.3755,0.53579179,0.52762585,7.34156164,-21.18028752,-45.39114223,-53.148915,796804939.910676,0.028,912149997.63,,2025-03-25T08:35:00.000Z,1027.0,Ethereum,ETH,ethereum,0xd1d2Eb1B1e90B638588728b4130137D262C87cae,2025-03-25 14:06:02.396471
27772,PayPal USD,PYUSD,paypal-usd,112,2023-08-21T14:30:00.000Z,"['stablecoin', 'asset-backed-stablecoin', 'usd-stablecoin', 'fiat-stablecoin']",,782708699.121625,782708699.121625,False,,79,,,,2025-03-25T08:35:00.000Z,0.9998344430077797,118988267.21454068,94.1281,0.00574251,-0.00843229,0.0168145,-0.04323301,0.00927674,0.00884876,782579116.2236137,0.0275,782579116.22,,2025-03-25T08:35:00.000Z,1027.0,Ethereum,ETH,ethereum,0x6c3ea9036406852006290770bedfcaba0e23a0e8,2025-03-25 14:06:02.396471
7186,PancakeSwap,CAKE,pancakeswap,1656,2020-09-25T00:00:00.000Z,"['collectibles-nfts', 'decentralized-exchange-dex-token', 'defi', 'smart-contracts', 'ethereum-ecosystem', 'yield-farming', 'amm', 'binance-smart-chain', 'dex', 'governance', 'arbitrum-ecosystem', 'bnb-chain-ecosystem', 'aptos-ecosystem', 'zksync-era-ecosystem', 'base-ecosystem', 'linea-ecosystem', 'polygon-zkevm-ecosystem', 'opbnb-ecosystem']",450000000.0,292825752.587114,371860330.4628484,False,,80,,,0.4483145,2025-03-25T08:35:00.000Z,2.6151185355158315,229854758.6106166,31.2041,-1.06023864,4.25428349,0.35512923,2.06104864,19.51500062,0.84097786,765774053.2669348,0.0269,1176803340.98,1708117979.72471,2025-03-25T08:35:00.000Z,1027.0,Ethereum,ETH,ethereum,0x152649eA73beAb28c5b49B26eb48f7EAD6d4c898,2025-03-25 14:06:02.396471
6210,The Sandbox,SAND,the-sandbox,638,2020-08-05T00:00:00.000Z,"['collectibles-nfts', 'content-creation', 'gaming', 'ethereum-ecosystem', 'binance-launchpad', 'metaverse', 'polygon-ecosystem', 'play-to-earn', 'animoca-brands-portfolio', 'alleged-sec-securities']",,2481357126.2233224,3000000000.0,False,,81,,,,2025-03-25T08:35:00.000Z,0.3025961646210116,58101096.7940008,-8.0998,0.72291725,0.62206871,7.39635338,-15.2915985,-46.59971525,-51.12615337,750849149.4501927,0.0264,907788493.86,,2025-03-25T08:35:00.000Z,1027.0,Ethereum,ETH,ethereum,0x3845badAde8e6dFF049820680d1F14bD3903a5d0,2025-03-25 14:06:02.396471
2694,Nexo,NEXO,nexo,149,2018-05-01T00:00:00.000Z,"['services', 'payments', 'ethereum-ecosystem', 'polygon-ecosystem', 'cardano-ecosystem', 'alleged-sec-securities']",,646145839.5746847,1000000000.0,False,,82,1000000000.0,1156693683.044328,,2025-03-25T08:35:00.000Z,1.156693683044328,12368173.7748185,-23.9536,1.34652055,-0.81540537,6.55927623,-14.02523133,-21.21911617,-16.40362389,747392810.9614116,0.0263,1156693683.04,,2025-03-25T08:35:00.000Z,1027.0,Ethereum,ETH,ethereum,0xb62132e35a6c13ee1ee0f84dc5d40bad8d815206,2025-03-25 14:06:02.396471
2011,Tezos,XTZ,tezos,432,2017-10-06T00:00:00.000Z,"['pos', 'platform', 'enterprise-solutions', 'collectibles-nfts', 'defi', 'smart-contracts', 'polychain-capital-portfolio', 'boostvc-portfolio', 'winklevoss-capital-portfolio', 'tezos-ecosystem', 'layer-1', '2017-2018-alt-season', 'made-in-america']",,1036241187.443125,1056492435.852345,True,,83,,,,2025-03-25T08:35:00.000Z,0.7202770250717979,17736488.32870169,7.5732,0.22604138,0.73588952,1.60434179,-18.75509633,-39.07521114,-48.90574471,746380719.7484014,0.0263,760967228.71,,2025-03-25T08:35:00.000Z,,,,,,2025-03-25 14:06:02.396471
5176,Tether Gold,XAUt,tether-gold,112,2020-02-07T00:00:00.000Z,"['ethereum-ecosystem', 'tokenized-gold']",,246524.0,246524.0,False,,84,48450.0,146456317.1165688,0.99843444,2025-03-25T08:35:00.000Z,3022.834202612359,10022264.1773021,38.0792,-0.14409886,-0.28162196,-0.27723591,2.92196243,9.6379868,15.2784563,745201178.9648092,0.0262,745201178.96,746369665.7781,2025-03-25T08:35:00.000Z,1027.0,Ethereum,ETH,ethereum,0x68749665FF8D2d112Fa859AA293F07A622782F38,2025-03-25 14:06:02.396471
28541,Jito,JTO,jito,293,2023-12-07T16:04:41.000Z,"['defi', 'staking', 'dao', 'solana-ecosystem', 'liquid-staking-derivatives', 'cmc-crypto-yearbook-2024-2025']",,308561702.4,999999759.3886794,False,,85,,,,2025-03-25T08:35:00.000Z,2.269924185019661,29289138.52556547,-12.8224,0.43515461,0.8215639,4.43704145,-19.10834412,-23.38710428,-29.66511107,700411670.8485991,0.0246,2269923638.85,,2025-03-25T08:35:00.000Z,5426.0,Solana,SOL,solana,jtojtomepa8beP8AuQc6eXt5FriJwfFMwQx2v2f9mCL,2025-03-25 14:06:02.396471
3602,Bitcoin SV,BSV,bitcoin-sv,268,2018-11-09T00:00:00.000Z,"['mineable', 'pow', 'sha-256', 'medium-of-exchange', 'store-of-value', 'state-channel', 'bitcoin-ecosystem', '2017-2018-alt-season']",,19842387.5,19842387.5,False,,86,,,,2025-03-25T08:35:00.000Z,35.04075251892436,41077336.8429141,-18.9856,0.42595326,0.09698018,3.68083853,-8.10833146,-32.49807897,-38.05579201,695292189.7720982,0.0245,695292189.77,,2025-03-25T08:35:00.000Z,,,,,,2025-03-25 14:06:02.396471
1720,IOTA,IOTA,iota,185,2017-06-13T00:00:00.000Z,"['dag', 'medium-of-exchange', 'iot', 'sharing-economy', 'real-world-assets', 'dwf-labs-portfolio', 'depin', 'move-vm', '2017-2018-alt-season']",,3688810566.0,3688810566.0,False,,87,,,,2025-03-25T08:35:00.000Z,0.18808353901141558,20487586.37120461,-16.5375,-0.08129245,-2.01491668,4.08506399,-18.36252807,-42.48475375,-44.18585733,693804545.995983,0.0244,693804546.0,,2025-03-25T08:35:00.000Z,,,,,,2025-03-25 14:06:02.396471
16086,BitTorrent [New],BTT,bittorrent-new,188,2019-01-31T00:00:00.000Z,"['platform', 'distributed-computing', 'filesharing', 'interoperability', 'staking', 'ethereum-ecosystem', 'tron-ecosystem', 'storage', 'binance-launchpad', 'binance-labs-portfolio', 'web3', 'alleged-sec-securities', 'depin', 'tron20-ecosystem']",,986061142857000.0,990000000000000.0,False,,88,,,,2025-03-25T08:35:00.000Z,6.981967687293952e-07,17807350.34629482,-9.6753,-0.08612249,-0.1942451,0.49945525,-18.08906351,-35.58056365,-39.43357625,688464703.712372,0.0242,691214801.04,,2025-03-25T08:35:00.000Z,1958.0,Tron20,TRX,tron,TAFjULxiVgT4qWk6UZwjqwZXTSaGaqnVp4,2025-03-25 14:06:02.396471
4558,Flow,FLOW,flow,229,2021-01-27T00:00:00.000Z,"['platform', 'collectibles-nfts', 'staking', 'coinbase-ventures-portfolio', 'coinfund-portfolio', 'dcg-portfolio', 'ledgerprime-portfolio', 'a16z-portfolio', 'animoca-brands-portfolio', 'layer-1', 'alleged-sec-securities', 'flow-ecosystem']",,1571065878.3134005,1571065878.3134005,True,,89,,,,2025-03-25T08:35:00.000Z,0.42657168523629513,21222469.86686953,-0.3524,0.27262779,-1.08315763,3.72386747,-19.68977815,-38.8015024,-45.65722322,670172219.3293874,0.0236,670172219.33,,2025-03-25T08:35:00.000Z,,,,,,2025-03-25 14:06:02.396471
10804,FLOKI,FLOKI,floki-inu,619,2021-07-09T00:00:00.000Z,"['gaming', 'memes', 'ethereum-ecosystem', 'metaverse', 'doggone-doggerel', 'play-to-earn', 'bnb-chain-ecosystem', 'dwf-labs-portfolio', 'paal-ecosystem', 'tokenfi-launchpad']",,9626157057196.182,9662285506617.434,False,,90,9317621738535.4,629629313.8800273,,2025-03-25T08:35:00.000Z,6.757403676047878e-05,97873616.79451598,21.9952,0.30664783,3.59076184,10.16660921,-30.05580401,-52.71222299,-61.97536507,650478290.845117,0.0229,652919636.01,,2025-03-25T08:35:00.000Z,1027.0,Ethereum,ETH,ethereum,0xcf0c122c6b73ff809c693db761e7baebe62b6a2e,2025-03-25 14:06:02.396471
4705,PAX Gold,PAXG,pax-gold,203,2019-09-26T00:00:00.000Z,"['ethereum-ecosystem', 'solana-ecosystem', 'tokenized-gold']",,214779.059,214779.059,True,,91,,,,2025-03-25T08:35:00.000Z,3025.6635866790884,65752634.31196579,23.8159,0.03650777,-0.7426695,-0.94133383,2.09229816,9.43364744,15.29422551,649849177.9974996,0.0229,649849178.0,,2025-03-25T08:35:00.000Z,1027.0,Ethereum,ETH,ethereum,0x45804880de22913dafe09f4980848ece6ecbaf78,2025-03-25 14:06:02.396471
6538,Curve DAO Token,CRV,curve-dao-token,829,2020-08-14T00:00:00.000Z,"['decentralized-exchange-dex-token', 'defi', 'dao', 'ethereum-ecosystem', 'yield-farming', 'amm', 'governance', 'framework-ventures-portfolio', 'alameda-research-portfolio', 'polygon-ecosystem', 'fantom-ecosystem', 'arbitrum-ecosystem', 'optimism-ecosystem', 'dwf-labs-portfolio', 'base-ecosystem', 'gnosis-chain-ecosystem']",3030303030.299,1306039170.0,2241087878.5700784,False,,92,,,,2025-03-25T08:35:00.000Z,0.49735911716113806,106820649.31568463,-24.3594,0.4979739,-2.5940181,13.81490109,-5.56311195,-38.50906901,-52.21972211,649570488.5690656,0.0228,1507148839.88,,2025-03-25T08:35:00.000Z,1027.0,Ethereum,ETH,ethereum,0xD533a949740bb3306d119CC777fa900bA034cd52,2025-03-25 14:06:02.396471
32880,Kaia,KAIA,kaia,139,2024-10-29T05:17:50.000Z,"['platform', 'enterprise-solutions', 'layer-1', 'klaytn-ecosystem']",,5976404841.034812,5976404841.034812,True,,93,5976393046.298478,643573158.6632274,,2025-03-25T08:35:00.000Z,0.10768588238382834,10682069.7043599,-3.3506,0.04824856,-1.96800236,1.01568696,-21.5142723,-49.06143408,-52.86037366,643574428.7898171,0.0226,643574428.79,,2025-03-25T08:35:00.000Z,32880.0,KAIA,KAIA,kaia,0x0000000000000000000000000000000000000000,2025-03-25 14:06:02.396471
13855,Ethereum Name Service,ENS,ethereum-name-service,387,2021-11-09T01:31:29.000Z,"['dao', 'ethereum-ecosystem', 'governance', 'solana-ecosystem', 'web3']",,35601687.07399768,100000000.0,False,,94,,,,2025-03-25T08:35:00.000Z,17.760056922142144,59556966.3806908,-19.0039,0.67450865,0.39741189,9.61631762,-36.24266885,-51.31650361,-51.29756405,632287988.958491,0.0222,1776005692.21,,2025-03-25T08:35:00.000Z,1027.0,Ethereum,ETH,ethereum,0xC18360217D8F7Ab5e7c516566761Ea12Ce7F9D72,2025-03-25 14:06:02.396471
8425,JasmyCoin,JASMY,jasmy,289,2021-02-11T00:00:00.000Z,"['iot', 'ethereum-ecosystem', 'dwf-labs-portfolio']",50000000000.0,49444999677.16958,50000000000.0,False,,95,,,,2025-03-25T08:35:00.000Z,0.012585085999632012,49092054.56722342,-39.2515,0.1128673,0.13365481,-8.19128475,-41.19408232,-54.0872238,-67.77395647,622269573.1889563,0.0219,629254299.98,,2025-03-25T08:35:00.000Z,1027.0,Ethereum,ETH,ethereum,0x7420B4b9a0110cdC71fB720908340C03F9Bc03EC,2025-03-25 14:06:02.396471
28177,Pyth Network,PYTH,pyth-network,323,2023-11-20T09:42:13.000Z,"['oracles', 'solana-ecosystem', 'cross-chain', 'cmc-crypto-yearbook-2024-2025']",10000000000.0,3624987834.457038,9999987834.457039,False,,96,1500000000.0,252138139.12137556,,2025-03-25T08:35:00.000Z,0.16809209274758372,21986915.5907866,-46.9987,0.18751518,-1.0483688,12.03184386,-30.97176566,-47.95707089,-57.33568888,609331791.2784151,0.0214,1680920927.48,,2025-03-25T08:35:00.000Z,5426.0,Solana,SOL,solana,HZ1JovNiVvGrGNiiYvEozEVgZ58xaU3RKwX8eACQBCt3,2025-03-25 14:06:02.396471
5665,Helium,HNT,helium,184,2020-06-05T00:00:00.000Z,"['mineable', 'enterprise-solutions', 'distributed-computing', 'iot', 'solana-ecosystem', 'usv-portfolio', 'multicoin-capital-portfolio', 'web3', 'depin', 'made-in-america']",223000000.0,179760925.5581076,179760925.5581076,False,,97,,,,2025-03-25T08:35:00.000Z,3.3136045024774483,4213503.84114285,-3.5011,0.1118839,-1.8917702,4.41510891,-11.49417036,-24.20502962,-56.01259605,595656612.2988588,0.021,738933804.05,,2025-03-25T08:35:00.000Z,,,,,,2025-03-25 14:06:02.396471
1376,Neo,NEO,neo,369,2016-09-08T00:00:00.000Z,"['platform', 'enterprise-solutions', 'smart-contracts', '2017-2018-alt-season']",,70538831.0,100000000.0,False,,98,,,,2025-03-25T08:35:00.000Z,7.997574914374305,47595700.29952639,98.8751,0.14978508,-3.25105688,-0.41925358,-25.81543662,-44.48412157,-47.42900294,564139585.2948886,0.0198,799757491.44,,2025-03-25T08:35:00.000Z,,,,,,2025-03-25 14:06:02.396471
6783,Axie Infinity,AXS,axie-infinity,509,2020-08-31T00:00:00.000Z,"['collectibles-nfts', 'gaming', 'ethereum-ecosystem', 'binance-launchpad', 'solana-ecosystem', 'metaverse', 'defiance-capital-portfolio', 'play-to-earn', 'animoca-brands-portfolio', 'harmony-ecosystem', 'alleged-sec-securities', 'ronin-ecosystem']",,159811597.64677513,270000000.0,False,,99,159811629.19687825,560763611.1985992,,2025-03-25T08:35:00.000Z,3.508903663748853,22122835.97317012,1.1614,0.66860472,-0.43773958,4.47467121,-17.74812601,-41.23703409,-48.62556166,560763500.4923267,0.0197,947403989.21,,2025-03-25T08:35:00.000Z,1027.0,Ethereum,ETH,ethereum,0xbb0e17ef65f82ab018d8edd776e8dd940327b28b,2025-03-25 14:06:02.396471
8526,Raydium,RAY,raydium,438,2021-02-19T00:00:00.000Z,"['decentralized-exchange-dex-token', 'defi', 'amm', 'dex', 'solana-ecosystem', 'petrock-capital-portfolio']",555000000.0,290847970.959334,554999063.297107,False,,100,,,0.42521291,2025-03-25T08:35:00.000Z,1.9105785112148226,67764834.84460469,-3.7596,0.98494788,0.8626106,13.46123836,-56.11741828,-75.73060866,-63.16478825,555687883.3453363,0.0195,1060371073.72,1306846225.79123,2025-03-25T08:35:00.000Z,5426.0,Solana,SOL,solana,4k3Dyjzvzp8eMZWUXbBCjEvwSkkk59S5iCNLY3QrkX6R,2025-03-25 14:06:02.396471
